epoch,mark,Measured Torque (R),Desired Torque (R),Measured Torque (L),Desired Torque (L),Gait/100 (R),Toe FSR (R),Gait/100 (L),Toe FSR (L),Heel FSR (R),Heel FSR (L)
1778942267.372499,0,0.000000,0.000000,0.000000,0.000000,0.000000,0.000000,0.000000,0.660000,0.000000,0.000000
1778942267.508669,0,0.000000,0.000000,0.000000,0.000000,0.000000,0.000000,0.000000,1.230000,0.000000,0.000000
1778942267.569051,0,0.000000,0.000000,0.000000,0.000000,0.000000,0.000000,0.000000,0.980000,0.000000,0.000000
1778942267.688936,0,0.000000,0.000000,0.000000,0.000000,0.000000,0.000000,0.000000,1.000000,0.500000,0.000000
1778942267.812879,0,0.000000,0.000000,0.000000,0.000000,0.000000,0.000000,0.000000,0.950000,1.000000,0.000000
1778942267.926700,0,0.000000,0.000000,0.000000,0.000000,0.000000,0.000000,0.000000,1.000000,0.500000,0.000000
1778942268.058505,0,0.000000,0.000000,0.000000,0.000000,0.000000,0.000000,0.000000,0.990000,0.000000,0.000000
1778942268.119857,0,0.000000,0.000000,0.000000,0.000000,0.000000,0.000000,0.000000,1.000000,0.000000,0.000000
1778942268.230544,0,0.000000,0.000000,0.000000,0.000000,0.000000,0.000000,0.000000,1.000000,0.000000,0.000000
1778942268.320558,0,0.000000,0.000000,0.000000,0.000000,0.000000,0.000000,0.000000,1.000000,0.000000,0.000000
1778942268.410364,0,0.000000,0.000000,0.000000,0.000000,0.000000,0.000000,0.000000,0.570000,0.000000,0.250000
1778942268.515872,0,0.000000,0.000000,0.000000,0.000000,0.000000,0.000000,0.000000,0.860000,0.000000,0.000000
1778942268.628201,0,0.000000,0.000000,0.000000,0.000000,0.000000,0.000000,0.000000,1.000000,0.000000,0.000000
1778942268.688083,0,0.000000,0.000000,0.000000,0.000000,0.000000,0.000000,0.000000,0.980000,0.000000,0.000000
1778942268.742412,0,0.000000,0.000000,0.000000,0.000000,0.000000,0.000000,0.000000,0.380000,0.000000,0.000000
1778942268.846574,0,0.000000,0.000000,0.000000,0.000000,0.000000,0.000000,0.000000,0.140000,0.000000,0.000000
1778942268.904335,0,0.000000,0.000000,0.000000,0.000000,0.000000,0.000000,0.000000,0.120000,0.000000,0.000000
1778942268.904781,0,0.000000,0.000000,0.000000,0.000000,0.000000,0.000000,0.000000,0.070000,0.000000,0.000000
1778942268.960026,0,0.000000,0.000000,0.000000,0.000000,0.000000,0.000000,0.000000,0.070000,0.000000,0.000000
1778942269.016377,0,0.000000,0.000000,0.000000,0.000000,0.000000,0.000000,0.000000,0.070000,0.000000,0.000000
1778942269.074442,0,0.000000,0.000000,0.000000,0.000000,0.000000,0.000000,0.000000,0.070000,0.000000,0.000000
1778942269.167626,0,0.000000,0.000000,0.000000,0.000000,0.000000,0.000000,0.000000,0.070000,0.000000,0.000000
1778942269.229809,0,0.000000,0.000000,0.000000,0.000000,0.000000,0.000000,0.000000,0.070000,0.000000,0.000000
1778942269.340955,0,0.000000,0.000000,0.000000,0.000000,0.000000,0.000000,0.000000,0.030000,0.200000,0.000000
1778942269.405120,0,0.000000,0.000000,0.000000,0.000000,0.000000,0.000000,0.000000,0.050000,0.000000,0.000000
1778942269.467537,0,0.000000,0.000000,0.000000,0.000000,0.000000,0.000000,0.000000,0.030000,0.000000,0.000000
1778942269.467982,0,0.000000,0.000000,0.000000,0.000000,0.000000,0.000000,0.000000,0.030000,0.000000,0.000000
1778942269.468334,0,0.000000,0.000000,0.000000,0.000000,0.000000,0.000000,0.000000,0.030000,0.140000,0.250000
1778942269.487414,0,0.000000,0.000000,0.000000,0.000000,0.000000,0.000000,0.000000,0.020000,0.000000,0.000000
1778942269.542899,0,0.000000,0.000000,0.000000,0.000000,0.000000,0.000000,0.000000,0.010000,0.000000,0.000000
1778942269.552931,0,0.000000,0.000000,0.000000,0.000000,0.000000,0.000000,0.000000,0.010000,0.140000,0.000000
1778942269.566077,0,0.000000,0.000000,0.000000,0.000000,0.000000,0.000000,0.000000,0.010000,0.000000,0.000000
1778942269.582133,0,0.000000,0.000000,0.000000,0.000000,0.000000,0.000000,0.000000,0.000000,0.000000,0.000000
1778942269.596208,0,0.000000,0.000000,0.000000,0.000000,0.000000,0.000000,0.000000,0.000000,0.000000,0.000000
1778942269.602359,0,0.000000,0.000000,0.000000,0.000000,0.000000,0.000000,0.000000,0.000000,0.000000,0.000000
1778942269.611737,0,0.000000,0.000000,0.000000,0.000000,0.000000,0.000000,0.000000,0.000000,0.000000,0.000000
1778942269.617770,0,0.000000,0.000000,0.000000,0.000000,0.000000,0.000000,0.000000,0.000000,0.000000,0.000000
1778942269.686244,0,0.000000,0.000000,0.000000,0.000000,0.000000,0.000000,0.000000,0.000000,0.000000,0.000000
1778942269.730978,0,0.000000,0.000000,0.000000,0.000000,0.000000,0.000000,0.000000,0.000000,0.000000,0.000000
1778942269.745589,0,0.000000,0.000000,0.000000,0.000000,0.000000,0.000000,0.000000,0.000000,0.000000,0.000000
1778942269.790056,0,0.000000,0.000000,0.000000,0.000000,0.000000,0.000000,0.000000,0.000000,0.000000,0.000000
1778942269.797054,0,0.000000,0.000000,0.000000,0.000000,0.000000,0.000000,0.000000,0.000000,0.000000,0.000000
1778942269.884428,0,0.000000,0.000000,0.000000,0.000000,0.000000,0.000000,0.000000,0.000000,0.140000,0.000000
1778942269.940705,0,0.000000,0.000000,0.000000,0.000000,0.000000,0.000000,0.000000,0.010000,0.000000,0.250000
1778942269.957271,0,0.000000,0.000000,0.000000,0.000000,0.000000,0.000000,0.000000,0.000000,0.000000,0.000000
1778942269.970399,0,0.000000,0.000000,0.000000,0.000000,0.000000,0.000000,0.000000,0.000000,0.000000,0.000000
1778942269.985435,0,0.000000,0.000000,0.000000,0.000000,0.000000,0.000000,0.000000,0.000000,0.000000,0.250000
1778942269.992512,0,0.000000,0.000000,0.000000,0.000000,0.000000,0.000000,0.000000,0.000000,0.000000,0.000000
1778942270.083007,0,0.000000,0.000000,0.000000,0.000000,0.000000,0.000000,0.000000,0.000000,0.000000,0.000000
1778942270.181261,0,0.000000,0.000000,0.000000,0.000000,0.000000,0.000000,0.000000,0.000000,0.140000,1.000000
1778942270.203720,0,0.000000,0.000000,0.000000,0.000000,0.000000,0.000000,0.000000,0.000000,0.000000,0.000000
1778942270.247397,0,0.000000,0.000000,0.000000,0.000000,0.000000,0.000000,0.000000,0.000000,0.000000,0.000000
1778942270.389755,0,0.000000,0.000000,0.000000,0.000000,0.000000,0.000000,0.000000,0.000000,0.000000,0.000000
1778942270.450982,0,0.000000,0.000000,0.000000,0.000000,0.000000,0.000000,0.000000,0.000000,0.000000,0.000000
1778942270.480778,0,0.000000,0.000000,0.000000,0.000000,0.000000,0.000000,0.000000,0.000000,0.000000,0.000000
1778942270.517275,0,0.000000,0.000000,0.000000,0.000000,0.000000,0.000000,0.000000,0.000000,0.000000,0.000000
1778942270.540738,0,0.000000,0.000000,0.000000,0.000000,0.000000,0.000000,0.000000,0.000000,0.140000,0.000000
1778942270.547852,0,0.000000,0.000000,0.000000,0.000000,0.000000,0.000000,0.000000,0.000000,0.140000,0.000000
1778942270.623660,0,0.000000,0.000000,0.000000,0.000000,0.000000,0.000000,0.000000,0.000000,0.000000,0.000000
1778942270.629515,0,0.000000,0.000000,0.000000,0.000000,0.000000,0.000000,0.000000,0.000000,0.000000,0.000000
1778942270.645132,0,0.000000,0.000000,0.000000,0.000000,0.000000,0.000000,0.000000,0.010000,0.000000,0.000000
1778942270.668760,0,0.000000,0.000000,0.000000,0.000000,0.000000,0.000000,0.000000,0.010000,0.280000,0.000000
1778942270.713612,0,0.000000,0.000000,0.000000,0.000000,0.000000,0.000000,0.000000,0.020000,0.000000,0.000000
1778942270.757609,0,0.000000,0.000000,0.000000,0.000000,0.000000,0.000000,0.000000,0.010000,0.000000,0.000000
1778942270.870921,0,0.000000,0.000000,0.000000,0.000000,0.000000,0.000000,0.000000,0.020000,0.000000,0.000000
1778942270.899538,0,0.000000,0.000000,0.000000,0.000000,0.000000,0.000000,0.000000,0.020000,0.000000,0.000000
1778942270.938735,0,0.000000,0.000000,0.000000,0.000000,0.000000,0.000000,0.000000,0.020000,0.000000,0.000000
1778942270.979955,0,0.000000,0.000000,0.000000,0.000000,0.000000,0.000000,0.000000,0.020000,0.140000,0.000000
1778942271.008483,0,0.000000,0.000000,0.000000,0.000000,0.000000,0.000000,0.000000,0.020000,0.000000,0.000000
1778942271.029213,0,0.000000,0.000000,0.000000,0.000000,0.000000,0.000000,0.000000,0.020000,0.000000,0.000000
1778942271.032286,0,0.000000,0.000000,0.000000,0.000000,0.000000,0.000000,0.000000,0.010000,0.140000,0.000000
1778942271.041721,0,0.000000,0.000000,0.000000,0.000000,0.000000,0.000000,0.000000,0.010000,0.140000,0.000000
1778942271.049537,0,0.000000,0.000000,0.000000,0.000000,0.000000,0.000000,0.000000,0.000000,0.000000,0.000000
1778942271.066423,0,0.000000,0.000000,0.000000,0.000000,0.000000,0.000000,0.000000,0.010000,0.000000,0.000000
1778942271.080796,0,0.000000,0.000000,0.000000,0.000000,0.000000,0.000000,0.000000,0.010000,0.140000,0.000000
1778942271.094559,0,0.000000,0.000000,0.000000,0.000000,0.000000,0.000000,0.000000,0.010000,0.000000,0.250000
1778942271.116269,0,0.000000,0.000000,0.000000,0.000000,0.000000,0.000000,0.000000,0.010000,0.000000,0.000000
1778942271.124566,0,0.000000,0.000000,0.000000,0.000000,0.000000,0.000000,0.000000,0.010000,0.000000,0.000000
1778942271.187123,0,0.000000,0.000000,0.000000,0.000000,0.000000,0.000000,0.000000,0.010000,0.000000,0.000000
1778942271.207917,0,0.000000,0.000000,0.000000,0.000000,0.000000,0.000000,0.000000,0.010000,0.000000,0.000000
1778942271.222299,0,0.000000,0.000000,0.000000,0.000000,0.000000,0.000000,0.000000,0.000000,0.000000,0.000000
1778942271.283224,0,0.000000,0.000000,0.000000,0.000000,0.000000,0.000000,0.000000,0.010000,0.000000,0.000000
1778942271.327309,0,0.000000,0.000000,0.000000,0.000000,0.000000,0.000000,0.000000,0.010000,0.000000,0.000000
1778942271.335295,0,0.000000,0.000000,0.000000,0.000000,0.000000,0.000000,0.000000,0.010000,0.000000,0.250000
1778942271.395391,0,0.000000,0.000000,0.000000,0.000000,0.000000,0.000000,0.000000,0.010000,0.000000,0.000000
1778942271.425236,0,0.000000,0.000000,0.000000,0.000000,0.000000,0.000000,0.000000,0.010000,0.280000,0.000000
1778942271.434724,0,0.000000,0.000000,0.000000,0.000000,0.000000,0.000000,0.000000,0.010000,0.000000,0.000000
1778942271.435941,0,0.000000,0.000000,0.000000,0.000000,0.000000,0.000000,0.000000,0.010000,0.000000,0.000000
1778942271.470806,0,0.000000,0.000000,0.000000,0.000000,0.000000,0.000000,0.000000,0.020000,0.140000,0.000000
1778942271.577188,0,0.000000,0.000000,0.000000,0.000000,0.000000,0.000000,0.000000,0.020000,0.000000,0.000000
1778942271.597785,0,0.000000,0.000000,0.000000,0.000000,0.000000,0.000000,0.000000,0.020000,0.000000,0.000000
1778942271.658414,0,0.000000,0.000000,0.000000,0.000000,0.000000,0.000000,0.000000,0.020000,0.000000,0.000000
1778942271.980239,0,0.000000,0.000000,0.000000,0.000000,0.000000,0.000000,0.000000,0.030000,0.140000,0.000000
1778942272.010283,0,0.000000,0.000000,0.000000,0.000000,0.000000,0.000000,0.000000,0.050000,0.000000,0.000000
1778942272.017735,0,0.000000,0.000000,0.000000,0.000000,0.000000,0.000000,0.000000,0.070000,0.410000,0.000000
1778942272.025269,0,0.000000,0.000000,0.000000,0.000000,0.000000,0.000000,0.000000,0.070000,0.000000,0.000000
1778942272.027018,0,0.000000,0.000000,0.000000,0.000000,0.000000,0.000000,0.000000,0.020000,0.280000,0.000000
1778942272.070617,0,0.000000,0.000000,0.000000,0.000000,0.000000,0.000000,0.000000,0.000000,0.140000,0.000000
1778942272.102953,0,0.000000,0.000000,0.000000,0.000000,0.000000,0.000000,0.000000,0.000000,0.140000,0.000000
1778942272.104370,0,0.000000,0.000000,0.000000,0.000000,0.000000,0.000000,0.000000,0.000000,0.000000,0.000000
1778942272.153777,0,0.000000,0.000000,0.000000,0.000000,0.000000,0.000000,0.000000,0.000000,0.140000,0.000000
1778942272.177593,0,0.000000,0.000000,0.000000,0.000000,0.000000,0.000000,0.000000,0.000000,0.000000,0.000000
1778942272.182639,0,0.000000,0.000000,0.000000,0.000000,0.000000,0.000000,0.000000,0.000000,0.000000,0.000000
1778942272.197072,0,0.000000,0.000000,0.000000,0.000000,0.000000,0.000000,0.000000,0.000000,0.000000,0.000000
1778942272.205619,0,0.000000,0.000000,0.000000,0.000000,0.000000,0.000000,0.000000,0.000000,0.140000,0.000000
1778942272.230463,0,0.000000,0.000000,0.000000,0.000000,0.000000,0.000000,0.000000,0.000000,0.140000,0.000000
1778942272.259029,0,0.000000,0.000000,0.000000,0.000000,0.000000,0.000000,0.000000,0.000000,0.000000,0.150000
1778942272.260473,0,0.000000,0.000000,0.000000,0.000000,0.000000,0.000000,0.000000,0.000000,0.000000,0.000000
1778942272.289367,0,0.000000,0.000000,0.000000,0.000000,0.000000,0.000000,0.000000,0.000000,0.000000,0.000000
1778942272.332733,0,0.000000,0.000000,0.000000,0.000000,0.000000,0.000000,0.000000,0.000000,0.000000,0.000000
1778942272.388212,0,0.000000,0.000000,0.000000,0.000000,0.000000,0.000000,0.000000,0.000000,0.000000,0.000000
1778942272.408233,0,0.000000,0.000000,0.000000,0.000000,0.000000,0.000000,0.000000,0.000000,0.000000,0.000000
1778942272.415364,0,0.000000,0.000000,0.000000,0.000000,0.000000,0.000000,0.000000,0.000000,0.000000,0.000000
1778942272.422519,0,0.000000,0.000000,0.000000,0.000000,0.000000,0.000000,0.000000,0.000000,0.140000,0.000000
1778942272.429752,0,0.000000,0.000000,0.000000,0.000000,0.000000,0.000000,0.000000,0.000000,0.000000,0.000000
1778942272.437791,0,0.000000,0.000000,0.000000,0.000000,0.000000,0.000000,0.000000,0.000000,0.000000,0.000000
1778942272.444397,0,0.000000,0.000000,0.000000,0.000000,0.000000,0.000000,0.000000,0.000000,0.140000,0.000000
1778942272.468390,0,0.000000,0.000000,0.000000,0.000000,0.000000,0.000000,0.000000,0.000000,0.000000,0.000000
1778942272.471098,0,0.000000,0.000000,0.000000,0.000000,0.000000,0.000000,0.000000,0.000000,0.000000,0.000000
1778942272.484136,0,0.000000,0.000000,0.000000,0.000000,0.000000,0.000000,0.000000,0.000000,0.000000,0.000000
1778942272.522194,0,0.000000,0.000000,0.000000,0.000000,0.000000,0.000000,0.000000,0.000000,0.000000,0.000000
1778942272.527348,0,0.000000,0.000000,0.000000,0.000000,0.000000,0.000000,0.000000,0.000000,0.000000,0.000000
1778942272.551267,0,0.000000,0.000000,0.000000,0.000000,0.000000,0.000000,0.000000,0.000000,0.000000,0.000000
1778942272.588865,0,0.000000,0.000000,0.000000,0.000000,0.000000,0.000000,0.000000,0.000000,0.000000,0.000000
1778942272.612191,0,0.000000,0.000000,0.000000,0.000000,0.000000,0.000000,0.000000,0.000000,0.140000,0.000000
1778942272.613892,0,0.000000,0.000000,0.000000,0.000000,0.000000,0.000000,0.000000,0.000000,0.000000,0.000000
1778942272.616931,0,0.000000,0.000000,0.000000,0.000000,0.000000,0.000000,0.000000,0.000000,0.000000,0.000000
1778942272.624891,0,0.000000,0.000000,0.000000,0.000000,0.000000,0.000000,0.000000,0.000000,0.000000,0.000000
1778942272.631931,0,0.000000,0.000000,0.000000,0.000000,0.000000,0.000000,0.000000,0.000000,0.000000,0.000000
1778942272.642073,0,0.000000,0.000000,0.000000,0.000000,0.000000,0.000000,0.000000,0.000000,0.000000,0.000000
1778942272.647846,0,0.000000,0.000000,0.000000,0.000000,0.000000,0.000000,0.000000,0.000000,0.000000,0.000000
1778942272.685511,0,0.000000,0.000000,0.000000,0.000000,0.000000,0.000000,0.000000,0.000000,0.000000,0.000000
1778942272.700516,0,0.000000,0.000000,0.000000,0.000000,0.000000,0.000000,0.000000,0.000000,0.000000,0.000000
1778942272.715662,0,0.000000,0.000000,0.000000,0.000000,0.000000,0.000000,0.000000,0.000000,0.000000,0.000000
1778942272.740779,0,0.000000,0.000000,0.000000,0.000000,0.000000,0.000000,0.000000,0.000000,0.000000,0.000000
1778942272.771773,0,0.000000,0.000000,0.000000,0.000000,0.000000,0.000000,0.000000,0.000000,0.000000,0.000000
1778942272.774841,0,0.000000,0.000000,0.000000,0.000000,0.000000,0.000000,0.000000,0.000000,0.560000,0.000000
1778942272.781709,0,0.000000,0.000000,0.000000,0.000000,0.000000,0.000000,0.000000,0.000000,0.000000,0.000000
1778942272.791410,0,0.000000,0.000000,0.000000,0.000000,0.000000,0.000000,0.000000,0.000000,0.000000,0.000000
1778942272.792908,0,0.000000,0.000000,0.000000,0.000000,0.000000,0.000000,0.000000,0.000000,0.000000,0.000000
1778942272.793495,0,0.000000,0.000000,0.000000,0.000000,0.000000,0.000000,0.000000,0.000000,0.000000,0.000000
1778942272.827212,0,0.000000,0.000000,0.000000,0.000000,0.000000,0.000000,0.000000,0.000000,0.000000,0.000000
1778942272.853162,0,0.000000,0.000000,0.000000,0.000000,0.000000,0.000000,0.000000,0.000000,0.000000,0.000000
1778942272.894593,0,0.000000,0.000000,0.000000,0.000000,0.000000,0.000000,0.000000,0.000000,0.140000,0.500000
1778942272.940794,0,0.000000,0.000000,0.000000,0.000000,0.000000,0.000000,0.000000,0.000000,0.000000,0.000000
1778942272.963720,0,0.000000,0.000000,0.000000,0.000000,0.000000,0.000000,0.000000,0.000000,0.000000,0.000000
1778942272.970300,0,0.000000,0.000000,0.000000,0.000000,0.000000,0.000000,0.000000,0.000000,0.000000,0.150000
1778942272.993649,0,0.000000,0.000000,0.000000,0.000000,0.000000,0.000000,0.000000,0.000000,0.000000,0.000000
1778942272.996670,0,0.000000,0.000000,0.000000,0.000000,0.000000,0.000000,0.000000,0.000000,0.000000,0.000000
1778942273.007601,0,0.000000,0.000000,0.000000,0.000000,0.000000,0.000000,0.000000,0.000000,0.000000,0.000000
1778942273.015226,0,0.000000,0.000000,0.000000,0.000000,0.000000,0.000000,0.000000,0.000000,0.000000,0.000000
1778942273.017454,0,0.000000,0.000000,0.000000,0.000000,0.000000,0.000000,0.000000,0.000000,0.000000,0.000000
1778942273.068782,0,0.000000,0.000000,0.000000,0.000000,0.000000,0.000000,0.000000,0.000000,0.280000,0.000000
1778942273.093410,0,0.000000,0.000000,0.000000,0.000000,0.000000,0.000000,0.000000,0.000000,0.000000,0.000000
1778942273.094666,0,0.000000,0.000000,0.000000,0.000000,0.000000,0.000000,0.000000,0.000000,0.000000,0.000000
1778942273.096869,0,0.000000,0.000000,0.000000,0.000000,0.000000,0.000000,0.000000,0.000000,0.000000,0.000000
1778942273.098202,0,0.000000,0.000000,0.000000,0.000000,0.000000,0.000000,0.000000,0.000000,0.000000,0.150000
1778942273.127387,0,0.000000,0.000000,0.000000,0.000000,0.000000,0.000000,0.000000,0.000000,0.000000,0.000000
1778942273.134663,0,0.000000,0.000000,0.000000,0.000000,0.000000,0.000000,0.000000,0.000000,0.000000,0.000000
1778942273.151303,0,0.000000,0.000000,0.000000,0.000000,0.000000,0.000000,0.000000,0.000000,0.000000,0.000000
1778942273.164588,0,0.000000,0.000000,0.000000,0.000000,0.000000,0.000000,0.000000,0.000000,0.000000,0.000000
1778942273.203015,0,0.000000,0.000000,0.000000,0.000000,0.000000,0.000000,0.000000,0.000000,0.000000,0.000000
1778942273.247564,0,0.000000,0.000000,0.000000,0.000000,0.000000,0.000000,0.000000,0.000000,0.000000,0.000000
1778942273.262749,0,0.000000,0.000000,0.000000,0.000000,0.000000,0.000000,0.000000,0.000000,0.000000,0.000000
1778942273.277139,0,0.000000,0.000000,0.000000,0.000000,0.000000,0.000000,0.000000,0.000000,0.000000,0.000000
1778942273.300746,0,0.000000,0.000000,0.000000,0.000000,0.000000,0.000000,0.000000,0.000000,0.000000,0.000000
1778942273.309077,0,0.000000,0.000000,0.000000,0.000000,0.000000,0.000000,0.000000,0.000000,0.000000,0.000000
1778942273.310788,0,0.000000,0.000000,0.000000,0.000000,0.000000,0.000000,0.000000,0.000000,0.000000,0.000000
1778942273.337210,0,0.000000,0.000000,0.000000,0.000000,0.000000,0.000000,0.000000,0.000000,0.000000,0.000000
1778942273.434447,0,0.000000,0.000000,0.000000,0.000000,0.000000,0.000000,0.000000,0.000000,0.000000,0.000000
1778942273.450651,0,0.000000,0.000000,0.000000,0.000000,0.000000,0.000000,0.000000,0.000000,0.000000,0.000000
1778942273.494329,0,0.000000,0.000000,0.000000,0.000000,0.000000,0.000000,0.000000,0.000000,0.000000,0.000000
1778942273.519258,0,0.000000,0.000000,0.000000,0.000000,0.000000,0.000000,0.000000,0.000000,0.000000,0.000000
1778942273.524964,0,0.000000,0.000000,0.000000,0.000000,0.000000,0.000000,0.000000,0.000000,0.000000,0.000000
1778942273.531807,0,0.000000,0.000000,0.000000,0.000000,0.000000,0.000000,0.000000,0.000000,0.000000,0.000000
1778942273.533416,0,0.000000,0.000000,0.000000,0.000000,0.000000,0.000000,0.000000,0.000000,0.140000,0.500000
1778942273.535003,0,0.000000,0.000000,0.000000,0.000000,0.000000,0.000000,0.000000,0.000000,0.000000,0.000000
1778942273.563913,0,0.000000,0.000000,0.000000,0.000000,0.000000,0.000000,0.000000,0.000000,0.000000,0.000000
1778942273.586390,0,0.000000,0.000000,0.000000,0.000000,0.000000,0.000000,0.000000,0.000000,0.140000,0.000000
1778942273.600641,0,0.000000,0.000000,0.000000,0.000000,0.000000,0.000000,0.000000,0.000000,0.140000,0.000000
1778942273.607008,0,0.000000,0.000000,0.000000,0.000000,0.000000,0.000000,0.000000,0.000000,0.000000,0.000000
1778942273.623018,0,0.000000,0.000000,0.000000,0.000000,0.000000,0.000000,0.000000,0.000000,0.000000,0.000000
1778942273.646590,0,0.000000,0.000000,0.000000,0.000000,0.000000,0.000000,0.000000,0.000000,0.000000,0.000000
1778942273.705289,0,0.000000,0.000000,0.000000,0.000000,0.000000,0.000000,0.000000,0.000000,0.000000,0.000000
1778942273.779980,0,0.000000,0.000000,0.000000,0.000000,0.000000,0.000000,0.000000,0.000000,0.000000,0.000000
1778942273.804131,0,0.000000,0.000000,0.000000,0.000000,0.000000,0.000000,0.000000,0.000000,0.000000,0.000000
1778942273.818730,0,0.000000,0.000000,0.000000,0.000000,0.000000,0.000000,0.000000,0.000000,0.000000,0.000000
1778942273.825585,0,0.000000,0.000000,0.000000,0.000000,0.000000,0.000000,0.000000,0.000000,0.000000,0.000000
1778942273.839045,0,0.000000,0.000000,0.000000,0.000000,0.000000,0.000000,0.000000,0.000000,0.000000,0.000000
1778942273.847571,0,0.000000,0.000000,0.000000,0.000000,0.000000,0.000000,0.000000,0.000000,0.000000,0.000000
1778942273.916848,0,0.000000,0.000000,0.000000,0.000000,0.000000,0.000000,0.000000,0.000000,0.410000,0.000000
1778942273.922637,0,0.000000,0.000000,0.000000,0.000000,0.000000,0.000000,0.000000,0.000000,0.000000,0.000000
1778942273.961751,0,0.000000,0.000000,0.000000,0.000000,0.000000,0.000000,0.000000,0.000000,0.000000,0.000000
1778942273.974715,0,0.000000,0.000000,0.000000,0.000000,0.000000,0.000000,0.000000,0.000000,0.000000,0.000000
1778942273.991538,0,0.000000,0.000000,0.000000,0.000000,0.000000,0.000000,0.000000,0.000000,0.000000,0.000000
1778942274.005906,0,0.000000,0.000000,0.000000,0.000000,0.000000,0.000000,0.000000,0.000000,0.000000,0.000000
1778942274.019728,0,0.000000,0.000000,0.000000,0.000000,0.000000,0.000000,0.000000,0.000000,0.000000,0.000000
1778942274.050542,0,0.000000,0.000000,0.000000,0.000000,0.000000,0.000000,0.000000,0.000000,0.000000,0.000000
1778942274.076903,0,0.000000,0.000000,0.000000,0.000000,0.000000,0.000000,0.000000,0.000000,0.000000,0.000000
1778942274.119143,0,0.000000,0.000000,0.000000,0.000000,0.000000,0.000000,0.000000,0.000000,0.000000,0.000000
1778942274.191889,0,0.000000,0.000000,0.000000,0.000000,0.000000,0.000000,0.000000,0.000000,0.000000,0.000000
1778942274.207058,0,0.000000,0.000000,0.000000,0.000000,0.000000,0.000000,0.000000,0.000000,0.000000,0.000000
1778942274.253995,0,0.000000,0.000000,0.000000,0.000000,0.000000,0.000000,0.000000,0.000000,0.000000,0.000000
1778942274.275723,0,0.000000,0.000000,0.000000,0.000000,0.000000,0.000000,0.000000,0.000000,0.000000,0.000000
1778942274.320171,0,0.000000,0.000000,0.000000,0.000000,0.000000,0.000000,0.000000,0.000000,0.000000,0.000000
1778942274.416324,0,0.000000,0.000000,0.000000,0.000000,0.000000,0.000000,0.000000,0.000000,0.000000,0.000000
1778942274.443064,0,0.000000,0.000000,0.000000,0.000000,0.000000,0.000000,0.000000,0.000000,0.000000,0.000000
1778942274.446960,0,0.000000,0.000000,0.000000,0.000000,0.000000,0.000000,0.000000,0.000000,0.000000,0.000000
1778942274.470732,0,0.000000,0.000000,0.000000,0.000000,0.000000,0.000000,0.000000,0.000000,0.000000,0.000000
1778942274.515959,0,0.000000,0.000000,0.000000,0.000000,0.000000,0.000000,0.000000,0.000000,0.000000,0.150000
1778942274.567469,0,0.000000,0.000000,0.000000,0.000000,0.000000,0.000000,0.000000,0.000000,0.000000,0.000000
1778942274.621509,0,0.000000,0.000000,0.000000,0.000000,0.000000,0.000000,0.000000,0.000000,0.000000,0.000000
1778942274.627757,0,0.000000,0.000000,0.000000,0.000000,0.000000,0.000000,0.000000,0.000000,0.000000,0.000000
1778942274.634198,0,0.000000,0.000000,0.000000,0.000000,0.000000,0.000000,0.000000,0.000000,0.000000,0.000000
1778942274.641365,0,0.000000,0.000000,0.000000,0.000000,0.000000,0.000000,0.000000,0.000000,0.410000,0.000000
1778942274.665608,0,0.000000,0.000000,0.000000,0.000000,0.000000,0.000000,0.000000,0.000000,0.000000,0.000000
1778942274.703566,0,0.000000,0.000000,0.000000,0.000000,0.000000,0.000000,0.000000,0.000000,0.000000,0.000000
1778942274.711551,0,0.000000,0.000000,0.000000,0.000000,0.000000,0.000000,0.000000,0.000000,0.000000,0.000000
1778942274.728554,0,0.000000,0.000000,0.000000,0.000000,0.000000,0.000000,0.000000,0.000000,0.000000,0.000000
1778942274.732504,0,0.000000,0.000000,0.000000,0.000000,0.000000,0.000000,0.000000,0.000000,0.000000,0.000000
1778942274.793338,0,0.000000,0.000000,0.000000,0.000000,0.000000,0.000000,0.000000,0.000000,0.140000,0.000000
1778942274.824230,0,0.000000,0.000000,0.000000,0.000000,0.000000,0.000000,0.000000,0.000000,0.000000,0.000000
1778942274.859962,0,0.000000,0.000000,0.000000,0.000000,0.000000,0.000000,0.000000,0.000000,0.000000,0.000000
1778942274.875750,0,0.000000,0.000000,0.000000,0.000000,0.000000,0.000000,0.000000,0.000000,0.000000,0.330000
1778942274.890585,0,0.000000,0.000000,0.000000,0.000000,0.000000,0.000000,0.000000,0.000000,1.270000,0.000000
1778942274.928669,0,0.000000,0.000000,0.000000,0.000000,0.000000,0.000000,0.000000,0.000000,0.000000,0.000000
1778942274.943234,0,0.000000,0.000000,0.000000,0.000000,0.000000,0.000000,0.000000,0.000000,0.000000,0.000000
1778942274.973970,0,0.000000,0.000000,0.000000,0.000000,0.000000,0.000000,0.000000,0.000000,0.000000,0.000000
1778942275.004334,0,0.000000,0.000000,0.000000,0.000000,0.000000,0.000000,0.000000,0.000000,0.000000,0.000000
1778942275.087056,0,0.000000,0.000000,0.000000,0.000000,0.000000,0.000000,0.000000,0.000000,0.000000,0.000000
1778942275.111288,0,0.000000,0.000000,0.000000,0.000000,0.000000,0.000000,0.000000,0.000000,0.000000,0.000000
1778942275.168534,0,0.000000,0.000000,0.000000,0.000000,0.000000,0.000000,0.000000,0.000000,0.000000,0.000000
1778942275.174253,0,0.000000,0.000000,0.000000,0.000000,0.000000,0.000000,0.000000,0.000000,0.000000,0.000000
1778942275.198699,0,0.000000,0.000000,0.000000,0.000000,0.000000,0.000000,0.000000,0.000000,0.000000,0.000000
1778942275.301739,0,0.000000,0.000000,0.000000,0.000000,0.000000,0.000000,0.000000,0.000000,0.000000,1.330000
1778942275.363616,0,0.000000,0.000000,0.000000,0.000000,0.000000,0.000000,0.000000,0.000000,0.000000,0.000000
1778942275.379219,0,0.000000,0.000000,0.000000,0.000000,0.000000,0.000000,0.000000,0.000000,1.000000,0.000000
1778942275.394424,0,0.000000,0.000000,0.000000,0.000000,0.000000,0.000000,0.000000,0.000000,0.000000,0.000000
1778942275.454602,0,0.000000,0.000000,0.000000,0.000000,0.000000,0.000000,0.000000,0.000000,0.000000,0.000000
1778942275.514746,0,0.000000,0.000000,0.000000,0.000000,0.000000,0.000000,0.000000,0.000000,0.000000,0.000000
1778942275.528543,0,0.000000,0.000000,0.000000,0.000000,0.000000,0.000000,0.000000,0.000000,0.120000,0.000000
1778942275.536332,0,0.000000,0.000000,0.000000,0.000000,0.000000,0.000000,0.000000,0.000000,0.330000,0.000000
1778942275.538147,0,0.000000,0.000000,0.000000,0.000000,0.000000,0.000000,0.000000,0.000000,0.330000,0.000000
1778942275.571692,0,0.000000,0.000000,0.000000,0.000000,1.000000,0.000000,0.000000,0.000000,0.120000,0.000000
1778942275.603420,0,0.000000,0.000000,0.000000,0.000000,1.000000,0.000000,0.000000,0.000000,0.120000,0.000000
1778942275.626528,0,0.000000,0.000000,0.000000,0.000000,0.400000,0.000000,0.000000,0.000000,0.120000,0.000000
1778942275.634530,0,0.000000,0.000000,0.000000,0.000000,0.300000,0.000000,0.000000,0.000000,0.120000,0.000000
1778942275.651721,0,0.000000,0.000000,0.000000,0.000000,0.000000,0.000000,0.000000,0.000000,0.330000,0.000000
1778942275.654720,0,0.000000,0.000000,0.000000,0.000000,0.680000,0.000000,0.000000,0.000000,0.120000,0.000000
1778942275.691454,0,0.000000,0.000000,0.000000,0.000000,1.000000,0.000000,0.000000,0.000000,0.120000,0.000000
1778942275.722444,0,0.000000,0.000000,0.000000,0.000000,1.000000,0.000000,0.000000,0.000000,0.120000,0.000000
1778942275.730020,0,0.000000,0.000000,0.000000,0.000000,0.030000,0.000000,0.000000,0.000000,0.510000,0.000000
1778942275.762851,0,0.000000,0.000000,0.000000,0.000000,0.360000,0.000000,0.000000,0.000000,0.120000,0.150000
1778942275.767191,0,0.000000,0.000000,0.000000,0.000000,0.270000,0.000000,0.000000,0.000000,0.120000,0.000000
1778942275.782707,0,0.000000,0.000000,0.000000,0.000000,0.180000,0.000000,0.000000,0.000000,0.120000,0.000000
1778942275.790139,0,0.000000,0.000000,0.000000,0.000000,0.680000,0.000000,0.000000,0.000000,0.120000,0.150000
1778942275.856903,0,0.000000,0.000000,0.000000,0.000000,0.000000,0.000000,0.000000,0.000000,0.510000,0.000000
1778942276.029585,0,0.000000,0.000000,0.000000,0.000000,0.000000,0.000000,0.000000,0.000000,0.330000,0.000000
1778942276.249267,0,0.000000,0.000000,0.000000,0.000000,0.000000,0.000000,0.000000,0.000000,0.330000,0.000000
1778942276.503021,0,0.000000,0.000000,0.000000,0.000000,0.140000,0.000000,0.000000,0.000000,-0.050000,0.000000
1778942276.510207,0,0.000000,0.000000,0.000000,0.000000,0.280000,0.000000,0.000000,0.000000,0.120000,0.000000
1778942276.584938,0,0.000000,0.000000,0.000000,0.000000,1.000000,0.000000,0.000000,0.000000,0.120000,0.820000
1778942276.742943,0,0.000000,0.000000,0.000000,0.000000,1.000000,0.000000,0.000000,0.000000,0.120000,0.000000
1778942276.817556,0,0.000000,0.000000,0.000000,0.000000,1.000000,0.000000,0.000000,0.000000,0.120000,0.000000
1778942276.937962,0,0.000000,0.000000,0.000000,0.000000,1.000000,0.000000,0.000000,0.000000,0.120000,0.000000
1778942277.026791,0,0.000000,0.000000,0.000000,0.000000,0.200000,0.000000,0.000000,0.000000,1.500000,0.000000
1778942277.425391,0,0.000000,0.000000,0.000000,0.000000,0.200000,0.000000,0.000000,0.000000,0.120000,0.000000
1778942277.853429,0,0.000000,0.000000,0.000000,0.000000,0.000000,0.000000,0.000000,0.000000,0.330000,0.000000
1778942278.064317,0,0.000000,0.000000,0.000000,0.000000,0.600000,0.000000,0.000000,0.000000,0.120000,0.000000
1778942278.077914,0,0.000000,0.000000,0.000000,0.000000,0.000000,0.000000,0.000000,0.000000,0.510000,0.000000
1778942278.133775,0,0.000000,0.000000,0.000000,0.000000,0.430000,0.000000,0.000000,0.000000,0.120000,0.000000
1778942278.237786,0,0.000000,0.000000,0.000000,0.000000,1.000000,0.000000,0.000000,0.000000,-0.050000,0.000000
1778942278.239410,0,0.000000,0.000000,0.000000,0.000000,0.000000,0.000000,0.000000,0.000000,0.330000,0.000000
1778942278.326726,0,0.000000,0.000000,0.000000,0.000000,0.070000,0.000000,0.000000,0.000000,0.120000,0.000000
1778942278.332414,0,0.000000,0.000000,0.000000,0.000000,1.000000,0.000000,0.000000,0.000000,0.120000,0.000000
1778942278.633601,0,0.000000,0.000000,0.000000,0.000000,0.510000,0.000000,0.000000,0.000000,0.120000,0.000000
1778942278.690411,0,0.000000,0.000000,0.000000,0.000000,0.070000,0.000000,0.000000,0.000000,0.330000,0.000000
1778942278.860708,0,0.000000,0.000000,0.000000,0.000000,0.870000,0.000000,0.000000,0.000000,-0.050000,0.200000
1778942278.986995,0,0.000000,0.000000,0.000000,0.000000,0.180000,0.000000,0.000000,0.000000,0.120000,0.000000
1778942279.074653,0,0.000000,0.000000,0.000000,0.000000,0.500000,0.000000,0.000000,0.000000,0.120000,0.000000
1778942279.130910,0,0.000000,0.000000,0.000000,0.000000,0.360000,0.000000,0.000000,0.000000,0.120000,0.000000
1778942279.194093,0,0.000000,0.000000,0.000000,0.000000,0.000000,0.000000,0.000000,0.000000,0.330000,0.000000
1778942279.276970,0,0.000000,5.000000,0.000000,0.000000,0.000000,0.000000,0.000000,0.000000,0.330000,0.000000
1778942279.328832,0,0.000000,5.000000,0.000000,0.000000,1.000000,0.000000,0.140000,0.000000,0.120000,0.000000
1778942279.383411,0,0.000000,5.000000,0.000000,5.000000,0.070000,0.000000,0.370000,0.000000,0.330000,0.000000
1778942279.526663,0,0.000000,5.000000,0.000000,5.000000,0.000000,0.000000,0.440000,0.000000,0.330000,0.000000
1778942279.624186,0,0.000000,5.000000,0.000000,5.000000,1.000000,0.000000,0.660000,1.250000,0.120000,0.000000
1778942279.689184,0,0.000000,5.000000,0.000000,5.000000,1.000000,0.000000,0.010000,0.110000,0.120000,0.000000
1778942279.732682,0,0.000000,5.000000,0.000000,5.000000,0.100000,0.000000,0.140000,2.020000,0.120000,0.000000
1778942279.776254,0,0.000000,5.000000,0.000000,5.000000,0.200000,0.000000,0.180000,0.810000,0.120000,0.000000
1778942279.820183,0,0.000000,5.000000,0.000000,5.000000,1.000000,0.000000,0.940000,0.000000,0.120000,0.000000
1778942279.863980,0,0.000000,5.000000,0.000000,5.000000,0.400000,0.000000,0.100000,0.000000,0.120000,0.000000
1778942279.922517,0,0.000000,5.000000,0.000000,5.000000,1.000000,0.000000,1.000000,0.180000,0.120000,0.000000
1778942279.966759,0,0.000000,5.000000,0.000000,5.000000,0.400000,0.000000,1.000000,0.310000,0.120000,0.000000
1778942279.967286,0,0.000000,5.000000,0.000000,5.000000,0.150000,0.000000,1.000000,0.090000,0.120000,0.000000
1778942279.967840,0,0.000000,5.000000,0.000000,5.000000,0.000000,0.000000,0.050000,0.200000,0.330000,0.000000
1778942280.042556,0,0.000000,5.000000,0.000000,5.000000,1.000000,0.000000,0.050000,0.250000,0.120000,0.000000
1778942280.087399,0,0.000000,5.000000,0.000000,5.000000,0.280000,0.000000,0.230000,0.170000,0.120000,0.000000
1778942280.163437,0,0.000000,5.000000,0.000000,5.000000,0.000000,0.000000,0.670000,0.250000,0.510000,0.000000
1778942280.210064,0,0.000000,5.000000,0.000000,5.000000,1.000000,0.000000,1.000000,0.310000,0.120000,0.000000
1778942280.210595,0,0.000000,5.000000,0.000000,5.000000,1.000000,0.000000,0.280000,0.380000,0.120000,0.000000
1778942280.210994,0,0.000000,5.000000,0.000000,5.000000,1.000000,0.000000,1.000000,2.460000,0.120000,0.000000
1778942280.291923,0,0.000000,5.000000,0.000000,5.000000,1.000000,0.000000,1.000000,2.610000,0.120000,0.200000
1778942280.336370,0,0.000000,5.000000,0.000000,5.000000,0.000000,0.000000,0.110000,1.970000,0.330000,0.000000
1778942280.382485,0,0.000000,5.000000,0.000000,5.000000,1.000000,0.000000,0.510000,1.040000,0.120000,0.000000
1778942280.383008,0,0.000000,5.000000,0.000000,5.000000,1.000000,0.000000,0.250000,1.000000,0.120000,0.000000
1778942280.455094,0,0.000000,5.000000,0.000000,5.000000,0.000000,0.000000,1.000000,1.000000,0.720000,0.000000
1778942280.500880,0,0.000000,5.000000,0.000000,5.000000,1.000000,0.000000,1.000000,0.910000,0.120000,0.000000
1778942280.583609,0,0.000000,5.000000,0.000000,5.000000,0.000000,0.000000,1.000000,0.560000,0.330000,0.000000
1778942280.673815,0,0.000000,5.000000,0.000000,5.000000,0.600000,0.000000,1.000000,0.500000,0.120000,0.200000
1778942280.779146,0,0.000000,5.000000,0.000000,5.000000,1.000000,0.000000,1.000000,0.440000,0.120000,0.000000
1778942280.836219,0,0.000000,5.000000,0.000000,5.000000,1.000000,0.000000,1.000000,0.380000,0.120000,0.000000
1778942280.912871,0,0.000000,5.000000,0.000000,5.000000,1.000000,0.000000,0.750000,0.370000,0.120000,0.000000
1778942280.971847,0,0.000000,5.000000,0.000000,5.000000,0.280000,0.000000,0.500000,1.010000,0.120000,0.000000
1778942281.014595,0,0.000000,5.000000,0.000000,5.000000,1.000000,0.000000,1.000000,0.410000,0.120000,0.000000
1778942281.094128,0,0.000000,5.000000,0.000000,5.000000,0.540000,0.000000,1.000000,5.420000,0.120000,0.000000
1778942281.120265,0,0.000000,5.000000,0.000000,5.000000,1.000000,0.000000,0.630000,5.380000,0.120000,0.000000
1778942281.143945,0,0.000000,5.000000,0.000000,5.000000,0.510000,0.000000,1.000000,5.030000,-0.050000,0.000000
1778942281.204424,0,0.000000,5.000000,0.000000,5.000000,0.760000,0.000000,1.000000,3.910000,0.120000,0.200000
1778942281.256525,0,0.000000,5.000000,0.000000,5.000000,1.000000,0.000000,0.000000,2.510000,0.120000,0.410000
1778942281.356961,0,0.000000,5.000000,0.000000,5.000000,0.000000,0.000000,0.800000,2.930000,0.330000,0.000000
1778942281.358635,0,0.000000,5.000000,0.000000,5.000000,1.000000,0.000000,1.000000,2.590000,0.120000,0.000000
1778942281.384400,0,0.000000,5.000000,0.000000,5.000000,1.000000,0.000000,1.000000,3.330000,0.120000,0.000000
1778942281.409011,0,0.000000,5.000000,0.000000,5.000000,1.000000,0.000000,0.540000,2.080000,0.120000,0.000000
1778942281.460293,0,0.000000,5.000000,0.000000,5.000000,0.000000,0.000000,1.000000,2.450000,0.330000,0.200000
1778942281.519536,0,0.000000,5.000000,0.000000,5.000000,1.000000,0.000000,0.340000,0.250000,0.120000,0.000000
1778942281.563879,0,0.000000,5.000000,0.000000,5.000000,1.000000,0.000000,0.000000,0.000000,0.120000,0.620000
1778942281.609124,0,0.000000,5.000000,0.000000,5.000000,1.000000,0.000000,0.460000,0.000000,0.120000,0.000000
1778942281.669508,0,0.000000,5.000000,0.000000,5.000000,1.000000,0.000000,1.000000,0.000000,0.120000,0.000000
1778942281.712695,0,0.000000,5.000000,0.000000,5.000000,1.000000,0.000000,0.150000,0.200000,0.120000,0.000000
1778942281.713234,0,0.000000,5.000000,0.000000,5.000000,0.410000,0.000000,1.000000,0.610000,0.120000,0.000000
1778942281.774160,0,0.000000,5.000000,0.000000,5.000000,1.000000,0.000000,1.000000,0.820000,0.120000,0.000000
1778942281.817134,0,0.000000,5.000000,0.000000,5.000000,0.280000,0.000000,1.000000,0.560000,0.120000,0.000000
1778942281.817796,0,0.000000,5.000000,0.000000,5.000000,1.000000,0.000000,0.460000,0.470000,0.120000,0.000000
1778942281.861235,0,0.000000,5.000000,0.000000,5.000000,0.000000,0.000000,0.830000,0.540000,0.330000,0.000000
1778942281.861738,0,0.000000,5.000000,0.000000,5.000000,0.760000,0.000000,0.620000,0.670000,0.120000,0.000000
1778942281.862144,0,0.000000,5.000000,0.000000,5.000000,0.500000,0.000000,1.000000,0.660000,0.120000,0.000000
1778942281.932242,0,0.000000,5.000000,0.000000,5.000000,0.700000,0.000000,1.000000,0.570000,0.120000,0.000000
1778942281.976971,0,0.000000,5.000000,0.000000,5.000000,0.400000,0.000000,0.150000,0.250000,0.120000,0.200000
1778942281.977479,0,0.000000,5.000000,0.000000,5.000000,0.610000,0.000000,1.000000,0.360000,-0.050000,0.200000
1778942281.977895,0,0.000000,5.000000,0.000000,5.000000,0.180000,0.000000,1.000000,0.580000,0.120000,0.000000
1778942281.978279,0,0.000000,5.000000,0.000000,5.000000,1.000000,0.000000,0.500000,1.040000,0.120000,0.000000
1778942281.978667,0,0.000000,5.000000,0.000000,5.000000,0.180000,0.000000,1.000000,1.500000,0.120000,0.000000
1778942282.021221,0,0.000000,5.000000,0.000000,5.000000,0.360000,0.000000,1.000000,1.400000,0.120000,0.000000
1778942282.090128,0,0.000000,5.000000,0.000000,5.000000,0.000000,0.000000,1.000000,1.290000,0.330000,0.000000
1778942282.114370,0,0.000000,5.000000,0.000000,5.000000,1.000000,0.000000,1.000000,0.700000,0.120000,0.000000
1778942282.137905,0,0.000000,5.000000,0.000000,5.000000,1.000000,0.000000,1.000000,0.400000,0.120000,0.000000
1778942282.138400,0,0.000000,5.000000,0.000000,5.000000,0.850000,0.000000,1.000000,0.580000,0.120000,0.000000
1778942282.138794,0,0.000000,5.000000,0.000000,5.000000,0.330000,0.000000,1.000000,0.730000,0.120000,0.000000
1778942282.182794,0,0.000000,5.000000,0.000000,5.000000,1.000000,0.000000,1.000000,0.720000,-0.050000,0.000000
1778942282.183372,0,0.000000,5.000000,0.000000,5.000000,1.000000,0.000000,1.000000,0.720000,0.120000,0.200000
1778942282.239545,0,0.000000,5.000000,0.000000,5.000000,0.250000,0.000000,0.280000,0.690000,0.120000,0.000000
1778942282.263218,0,0.000000,5.000000,0.000000,5.000000,0.000000,0.000000,1.000000,0.670000,0.330000,0.000000
1778942282.307046,0,0.000000,5.000000,0.000000,5.000000,0.000000,0.000000,1.000000,0.770000,0.330000,0.000000
1778942282.360091,0,0.000000,5.000000,0.000000,5.000000,0.430000,0.000000,1.000000,1.250000,0.120000,0.000000
1778942282.403514,0,0.000000,5.000000,0.000000,5.000000,1.000000,0.000000,1.000000,1.350000,0.120000,0.000000
1778942282.404045,0,0.000000,5.000000,0.000000,5.000000,0.000000,0.000000,0.140000,1.360000,0.510000,0.000000
1778942282.446651,0,0.000000,5.000000,0.000000,5.000000,0.100000,0.000000,1.000000,1.350000,0.120000,0.000000
1778942282.489695,0,0.000000,5.000000,0.000000,5.000000,0.120000,0.000000,0.770000,1.390000,0.120000,0.000000
1778942282.532013,0,0.000000,5.000000,0.000000,5.000000,1.000000,0.000000,1.000000,1.130000,0.120000,0.000000
1778942282.591990,0,0.000000,5.000000,0.000000,5.000000,1.000000,0.000000,1.000000,1.050000,0.120000,0.000000
1778942282.616299,0,0.000000,5.000000,0.000000,5.000000,0.370000,0.000000,1.000000,1.000000,0.120000,0.000000
1778942282.640801,0,0.000000,5.000000,0.000000,5.000000,0.500000,0.000000,0.000000,0.970000,0.120000,0.410000
1778942282.641332,0,0.000000,5.000000,0.000000,5.000000,0.870000,0.000000,1.000000,1.120000,-0.050000,0.000000
1778942282.720805,0,0.000000,5.000000,0.000000,5.000000,1.000000,0.000000,1.000000,1.450000,0.120000,0.000000
1778942282.721758,0,0.000000,5.000000,0.000000,5.000000,1.000000,0.000000,1.000000,1.500000,0.120000,0.000000
1778942282.765618,0,0.000000,5.000000,0.000000,5.000000,0.180000,0.000000,0.830000,1.510000,0.330000,0.000000
1778942282.766195,0,0.000000,5.000000,0.000000,5.000000,1.000000,0.000000,1.000000,1.520000,0.120000,0.000000
1778942282.766786,0,0.000000,5.000000,0.000000,5.000000,0.200000,0.000000,1.000000,1.490000,0.120000,0.000000
1778942282.810028,0,0.000000,5.000000,0.000000,5.000000,0.330000,0.000000,1.000000,1.490000,0.120000,0.000000
1778942282.810564,0,0.000000,5.000000,0.000000,5.000000,0.330000,0.000000,1.000000,1.500000,0.120000,0.000000
1778942282.811172,0,0.000000,5.000000,0.000000,5.000000,1.000000,0.000000,1.000000,1.520000,0.120000,0.000000
1778942282.869573,0,0.000000,5.000000,0.000000,5.000000,1.000000,0.000000,1.000000,1.510000,0.120000,0.000000
1778942282.913126,0,0.000000,5.000000,0.000000,5.000000,0.000000,0.000000,1.000000,1.500000,0.330000,0.000000
1778942282.913646,0,0.000000,5.000000,0.000000,5.000000,0.000000,0.000000,1.000000,1.470000,0.330000,0.000000
1778942282.914372,0,0.000000,5.000000,0.000000,5.000000,1.000000,0.000000,1.000000,1.410000,0.120000,0.000000
1778942282.914783,0,0.000000,5.000000,0.000000,5.000000,1.000000,0.000000,0.150000,1.410000,0.120000,0.000000
1778942282.960329,0,0.000000,5.000000,0.000000,5.000000,0.510000,0.000000,0.300000,1.460000,0.120000,0.000000
1778942282.960870,0,0.000000,5.000000,0.000000,5.000000,0.910000,0.000000,1.000000,1.450000,0.120000,0.000000
1778942282.961647,0,0.000000,5.000000,0.000000,5.000000,0.000000,0.000000,1.000000,1.520000,0.330000,0.000000
1778942283.005172,0,0.000000,5.000000,0.000000,5.000000,1.000000,0.000000,1.000000,1.530000,0.120000,0.000000
1778942283.047817,0,0.000000,5.000000,0.000000,5.000000,0.560000,0.000000,1.000000,1.520000,0.120000,0.000000
1778942283.048341,0,0.000000,5.000000,0.000000,5.000000,0.400000,0.000000,1.000000,1.520000,0.120000,0.000000
1778942283.091373,0,0.000000,5.000000,0.000000,5.000000,0.000000,0.000000,1.000000,1.520000,0.330000,0.000000
1778942283.134573,0,0.000000,5.000000,0.000000,5.000000,0.360000,0.000000,1.000000,1.530000,0.120000,0.200000
1778942283.178067,0,0.000000,5.000000,0.000000,5.000000,0.150000,0.000000,1.000000,1.530000,0.510000,0.200000
1778942283.222607,0,0.000000,5.000000,0.000000,5.000000,1.000000,0.000000,1.000000,1.530000,0.120000,0.000000
1778942283.223423,0,0.000000,5.000000,0.000000,5.000000,1.000000,0.000000,1.000000,1.420000,0.120000,0.000000
1778942283.282121,0,0.000000,5.000000,0.000000,5.000000,1.000000,0.000000,1.000000,1.530000,0.120000,0.000000
1778942283.325140,0,0.000000,5.000000,0.000000,5.000000,0.500000,0.000000,1.000000,1.530000,0.120000,0.000000
1778942283.325638,0,0.000000,5.000000,0.000000,5.000000,1.000000,0.000000,1.000000,1.530000,0.120000,0.000000
1778942283.379606,0,0.000000,5.000000,0.000000,5.000000,1.000000,0.000000,1.000000,1.530000,0.120000,0.000000
1778942283.422421,0,0.000000,5.000000,0.000000,5.000000,1.000000,0.000000,1.000000,1.530000,0.120000,0.000000
1778942283.422932,0,0.000000,5.000000,0.000000,5.000000,1.000000,0.000000,1.000000,1.530000,0.120000,0.000000
1778942283.477052,0,0.000000,5.000000,0.000000,5.000000,0.800000,0.000000,0.150000,1.520000,0.120000,0.000000
1778942283.521146,0,0.000000,5.000000,0.000000,5.000000,0.400000,0.000000,1.000000,1.420000,0.120000,0.000000
1778942283.521845,0,0.000000,5.000000,0.000000,5.000000,0.400000,0.000000,0.830000,1.540000,0.120000,0.000000
1778942283.574888,0,0.000000,5.000000,0.000000,5.000000,1.000000,0.000000,1.000000,1.550000,0.120000,0.000000
1778942283.617280,0,0.000000,5.000000,0.000000,5.000000,1.000000,0.000000,1.000000,1.550000,0.120000,0.000000
1778942283.617785,0,0.000000,5.000000,0.000000,5.000000,0.500000,0.000000,1.000000,1.550000,0.120000,0.000000
1778942283.661580,0,0.000000,5.000000,0.000000,5.000000,1.000000,0.000000,1.000000,1.550000,0.120000,0.000000
1778942283.704576,0,0.000000,5.000000,0.000000,5.000000,0.000000,0.000000,0.610000,1.570000,0.330000,0.000000
1778942283.747558,0,0.000000,5.000000,0.000000,5.000000,1.000000,0.000000,1.000000,1.550000,0.120000,0.000000
1778942283.748072,0,0.000000,5.000000,0.000000,5.000000,0.800000,0.000000,1.000000,1.570000,0.120000,0.000000
